title,author,isbn,avg_rating,user_rating,date_read,shelf,url,cover_url,genres,description
Boomerang: Travels in the New Third World,"Lewis, Michael",0393343448,3.9,0,"Oct 04, 2024",read,https://www.goodreads.com/book/show/13707738-boomerang,https://i.gr-assets.com/images/S/compressed.photo.goodreads.com/books/1345046879l/13707738._SX50_.jpg,[],
When Genius Failed: The Rise and Fall of Long-Term Capital Management,"Lowenstein, Roger",0375758259,4.2,5,"Jul 24, 2024",read,https://www.goodreads.com/book/show/10669.When_Genius_Failed,https://i.gr-assets.com/images/S/compressed.photo.goodreads.com/books/1435292091l/10669._SY75_.jpg,[],
"Tomorrow, and Tomorrow, and Tomorrow","Zevin, Gabrielle",0735243344,4.13,5,"Aug 24, 2024",read,https://www.goodreads.com/book/show/58784475-tomorrow-and-tomorrow-and-tomorrow,https://i.gr-assets.com/images/S/compressed.photo.goodreads.com/books/1636978687l/58784475._SY75_.jpg,[],
Liar's Poker,"Lewis, Michael",039333869X,4.15,4,not set,read,https://www.goodreads.com/book/show/7865083-liar-s-poker,https://i.gr-assets.com/images/S/compressed.photo.goodreads.com/books/1348906209l/7865083._SX50_.jpg,[],
Flash Boys: A Wall Street Revolt,"Lewis, Michael",0393351599,4.14,5,"May 20, 2024",read,https://www.goodreads.com/book/show/24724602-flash-boys,https://i.gr-assets.com/images/S/compressed.photo.goodreads.com/books/1426093936l/24724602._SY75_.jpg,[],
Trillions: How a Band of Wall Street Renegades Invented the Index Fund and Changed Finance Forever,"Wigglesworth, Robin",0593087682,3.98,4,not set,read,https://www.goodreads.com/book/show/56377179-trillions,https://i.gr-assets.com/images/S/compressed.photo.goodreads.com/books/1608628043l/56377179._SY75_.jpg,[],
Gone Girl,"Flynn, Gillian",0307588378,4.14,5,not set,read,https://www.goodreads.com/book/show/19288043-gone-girl,https://i.gr-assets.com/images/S/compressed.photo.goodreads.com/books/1554086139l/19288043._SY75_.jpg,[],
The Hunger Games,"Collins, Suzanne",,4.34,5,not set,read,https://www.goodreads.com/book/show/2767052-the-hunger-games,https://i.gr-assets.com/images/S/compressed.photo.goodreads.com/books/1586722975l/2767052._SX50_.jpg,[],
The Great Gatsby,"Fitzgerald, F. Scott",0743273567,3.93,4,not set,read,https://www.goodreads.com/book/show/4671.The_Great_Gatsby,https://i.gr-assets.com/images/S/compressed.photo.goodreads.com/books/1738790966l/4671._SY75_.jpg,[],
Harry Potter and the Philosopher’s Stone,"Rowling, J.K.",,4.47,5,not set,read,https://www.goodreads.com/book/show/72193.Harry_Potter_and_the_Philosopher_s_Stone,https://i.gr-assets.com/images/S/compressed.photo.goodreads.com/books/1170803558l/72193._SX50_SY75_.jpg,[],
Fifty Shades of Grey,"James, E.L.",1612130291,3.67,3,not set,read,https://www.goodreads.com/book/show/10818853-fifty-shades-of-grey,https://i.gr-assets.com/images/S/compressed.photo.goodreads.com/books/1385207843l/10818853._SX50_.jpg,[],
The Lightning Thief,"Riordan, Rick",0786838655,4.31,5,not set,read,https://www.goodreads.com/book/show/28187.The_Lightning_Thief,https://i.gr-assets.com/images/S/compressed.photo.goodreads.com/books/1400602609l/28187._SY75_.jpg,[],
Catching Fire,"Collins, Suzanne",0439023491,4.35,4,not set,read,https://www.goodreads.com/book/show/6148028-catching-fire,https://i.gr-assets.com/images/S/compressed.photo.goodreads.com/books/1586722941l/6148028._SY75_.jpg,[],
Mockingjay,"Collins, Suzanne",0439023513,4.11,4,not set,read,https://www.goodreads.com/book/show/7260188-mockingjay,https://i.gr-assets.com/images/S/compressed.photo.goodreads.com/books/1586722918l/7260188._SY75_.jpg,[],
Paper Towns,"Green, John",014241493X,3.7,3,not set,read,https://www.goodreads.com/book/show/6442769-paper-towns,https://i.gr-assets.com/images/S/compressed.photo.goodreads.com/books/1349013610l/6442769._SX50_.jpg,[],
Allegiant,"Roth, Veronica",0007524277,3.6,2,not set,read,https://www.goodreads.com/book/show/18710190-allegiant,https://i.gr-assets.com/images/S/compressed.photo.goodreads.com/books/1395582745l/18710190._SY75_.jpg,[],
Miss Peregrine's Home for Peculiar Children,"Riggs, Ransom",1594744769,3.92,4,not set,read,https://www.goodreads.com/book/show/9460487-miss-peregrine-s-home-for-peculiar-children,https://i.gr-assets.com/images/S/compressed.photo.goodreads.com/books/1623449170l/9460487._SY75_.jpg,[],
Harry Potter and the Half-Blood Prince,"Rowling, J.K.",,4.58,5,not set,read,https://www.goodreads.com/book/show/1.Harry_Potter_and_the_Half_Blood_Prince,https://i.gr-assets.com/images/S/compressed.photo.goodreads.com/books/1587697303l/1._SX50_.jpg,[],
Harry Potter and the Order of the Phoenix,"Rowling, J.K.",,4.5,5,not set,read,https://www.goodreads.com/book/show/2.Harry_Potter_and_the_Order_of_the_Phoenix,https://i.gr-assets.com/images/S/compressed.photo.goodreads.com/books/1546910265l/2._SY75_.jpg,[],
Harry Potter and the Deathly Hallows,"Rowling, J.K.",,4.62,5,not set,read,https://www.goodreads.com/book/show/136251.Harry_Potter_and_the_Deathly_Hallows,https://i.gr-assets.com/images/S/compressed.photo.goodreads.com/books/1663805647l/136251._SY75_.jpg,[],
The Sea of Monsters,"Riordan, Rick",0786856866,4.24,5,not set,read,https://www.goodreads.com/book/show/28186.The_Sea_of_Monsters,https://i.gr-assets.com/images/S/compressed.photo.goodreads.com/books/1400602661l/28186._SX50_.jpg,[],
The Titan’s Curse,"Riordan, Rick",,4.37,5,not set,read,https://www.goodreads.com/book/show/561456.The_Titan_s_Curse,https://i.gr-assets.com/images/S/compressed.photo.goodreads.com/books/1361038385l/561456._SY75_.jpg,[],
The Battle of the Labyrinth,"Riordan, Rick",1423101464,4.42,5,not set,read,https://www.goodreads.com/book/show/2120932.The_Battle_of_the_Labyrinth,https://i.gr-assets.com/images/S/compressed.photo.goodreads.com/books/1518607478l/2120932._SX50_.jpg,[],
The da Vinci Code,"Brown, Dan",,3.93,5,not set,read,https://www.goodreads.com/book/show/968.The_da_Vinci_Code,https://i.gr-assets.com/images/S/compressed.photo.goodreads.com/books/1720313229l/968._SY75_.jpg,[],
The Alchemist,"Coelho, Paulo",0062315005,3.92,5,not set,read,https://www.goodreads.com/book/show/18144590-the-alchemist,https://i.gr-assets.com/images/S/compressed.photo.goodreads.com/books/1654371463l/18144590._SY75_.jpg,[],
Insurgent,"Roth, Veronica",0007442912,3.97,2,not set,read,https://www.goodreads.com/book/show/11735983-insurgent,https://i.gr-assets.com/images/S/compressed.photo.goodreads.com/books/1618525340l/11735983._SY75_.jpg,[],
Harry Potter and the Goblet of Fire,"Rowling, J.K.",0439139597,4.57,4,not set,read,https://www.goodreads.com/book/show/6.Harry_Potter_and_the_Goblet_of_Fire,https://i.gr-assets.com/images/S/compressed.photo.goodreads.com/books/1554006152l/6._SX50_.jpg,[],
Harry Potter and the Chamber of Secrets,"Rowling, J.K.",,4.43,5,not set,read,https://www.goodreads.com/book/show/15881.Harry_Potter_and_the_Chamber_of_Secrets,https://i.gr-assets.com/images/S/compressed.photo.goodreads.com/books/1474169725l/15881._SY75_.jpg,[],
Divergent,"Roth, Veronica",0062024035,4.14,2,not set,read,https://www.goodreads.com/book/show/13335037-divergent,https://i.gr-assets.com/images/S/compressed.photo.goodreads.com/books/1618526890l/13335037._SY75_.jpg,[],
Harry Potter and the Prisoner of Azkaban,"Rowling, J.K.",043965548X,4.58,5,not set,read,https://www.goodreads.com/book/show/5.Harry_Potter_and_the_Prisoner_of_Azkaban,https://i.gr-assets.com/images/S/compressed.photo.goodreads.com/books/1630547330l/5._SY75_.jpg,[],
1984,"Orwell, George",0452284236,4.2,4,not set,read,https://www.goodreads.com/book/show/61439040-1984,https://i.gr-assets.com/images/S/compressed.photo.goodreads.com/books/1657781256l/61439040._SX50_.jpg,[],
The Fault in Our Stars,"Green, John",,4.13,4,not set,read,https://www.goodreads.com/book/show/11870085-the-fault-in-our-stars,https://i.gr-assets.com/images/S/compressed.photo.goodreads.com/books/1660273739l/11870085._SX50_.jpg,[],
Pride and Prejudice,"Austen, Jane",1441341706,4.29,4,not set,read,https://www.goodreads.com/book/show/1885.Pride_and_Prejudice,https://i.gr-assets.com/images/S/compressed.photo.goodreads.com/books/1320399351l/1885._SY75_.jpg,[],
Of Mice and Men,"Steinbeck, John",0142000671,3.89,5,not set,read,https://www.goodreads.com/book/show/890.Of_Mice_and_Men,https://i.gr-assets.com/images/S/compressed.photo.goodreads.com/books/1511302904l/890._SX50_.jpg,[],
Angels & Demons,"Brown, Dan",1416524797,3.95,5,not set,read,https://www.goodreads.com/book/show/960.Angels_Demons,https://i.gr-assets.com/images/S/compressed.photo.goodreads.com/books/1696691404l/960._SY75_.jpg,[],
Dan Brown Inferno (Robert Langdon) Unofficial Guide,"Eastment, Stephen",1456613308,4.32,5,not set,read,https://www.goodreads.com/book/show/17587594-dan-brown-inferno-robert-langdon-unofficial-guide,https://i.gr-assets.com/images/S/compressed.photo.goodreads.com/books/1372848476l/17587594._SY75_.jpg,[],
Vagabonding: An Uncommon Guide to the Art of Long-Term World Travel,"Potts, Rolf",0812992180,3.95,5,not set,read,https://www.goodreads.com/book/show/100247.Vagabonding,https://i.gr-assets.com/images/S/compressed.photo.goodreads.com/books/1320532720l/100247._SY75_.jpg,[],
On the Road,"Kerouac, Jack",0140042598,3.61,5,not set,read,https://www.goodreads.com/book/show/70401.On_the_Road,https://i.gr-assets.com/images/S/compressed.photo.goodreads.com/books/1658929891l/70401._SY75_.jpg,[],
Lonesome Traveller,"Kerouac, Jack",0586038442,3.75,4,not set,read,https://www.goodreads.com/book/show/247972.Lonesome_Traveller,https://i.gr-assets.com/images/S/compressed.photo.goodreads.com/books/1229055550l/247972._SY75_.jpg,[],
At Home in the World: Stories and Essential Teachings from a Monk's Life,Thich Nhat Hanh,1941529437,4.52,4,not set,read,https://www.goodreads.com/book/show/28439490-at-home-in-the-world,https://i.gr-assets.com/images/S/compressed.photo.goodreads.com/books/1642963978l/28439490._SY75_.jpg,[],
Dune,"Herbert, Frank",059309932X,4.28,5,not set,read,https://www.goodreads.com/book/show/44767458-dune,https://i.gr-assets.com/images/S/compressed.photo.goodreads.com/books/1555447414l/44767458._SY75_.jpg,[],
My Inventions,"Tesla, Nikola",1599869942,3.91,4,not set,read,https://www.goodreads.com/book/show/493.My_Inventions,https://i.gr-assets.com/images/S/compressed.photo.goodreads.com/books/1349108147l/493._SX50_.jpg,[],
The Selfish Gene,"Dawkins, Richard",0199291152,4.16,4,not set,read,https://www.goodreads.com/book/show/61535.The_Selfish_Gene,https://i.gr-assets.com/images/S/compressed.photo.goodreads.com/books/1366758096l/61535._SY75_.jpg,[],
The Unbearable Lightness of Being,"Kundera, Milan",0571224385,4.11,4,not set,read,https://www.goodreads.com/book/show/9717.The_Unbearable_Lightness_of_Being,https://i.gr-assets.com/images/S/compressed.photo.goodreads.com/books/1265401884l/9717._SY75_.jpg,[],
Ender’s Game,"Card, Orson Scott",0812550706,4.31,5,not set,read,https://www.goodreads.com/book/show/375802.Ender_s_Game,https://i.gr-assets.com/images/S/compressed.photo.goodreads.com/books/1408303130l/375802._SY75_.jpg,[],
Speaker for the Dead,"Card, Orson Scott",0812550757,4.11,5,not set,read,https://www.goodreads.com/book/show/7967.Speaker_for_the_Dead,https://i.gr-assets.com/images/S/compressed.photo.goodreads.com/books/1295660894l/7967._SY75_.jpg,[],
Ender's Shadow,"Card, Orson Scott",0765342405,4.32,5,not set,read,https://www.goodreads.com/book/show/9532.Ender_s_Shadow,https://i.gr-assets.com/images/S/compressed.photo.goodreads.com/books/1424904668l/9532._SY75_.jpg,[],
Xenocide,"Card, Orson Scott",0312861877,3.82,5,not set,read,https://www.goodreads.com/book/show/8648.Xenocide,https://i.gr-assets.com/images/S/compressed.photo.goodreads.com/books/1386924577l/8648._SY75_.jpg,[],
Shadow of the Hegemon,"Card, Orson Scott",0812565959,3.97,5,not set,read,https://www.goodreads.com/book/show/9534.Shadow_of_the_Hegemon,https://i.gr-assets.com/images/S/compressed.photo.goodreads.com/books/1537335644l/9534._SY75_.jpg,[],
Children of the Mind,"Card, Orson Scott",0765304740,3.78,5,not set,read,https://www.goodreads.com/book/show/31360.Children_of_the_Mind,https://i.gr-assets.com/images/S/compressed.photo.goodreads.com/books/1733820590l/31360._SY75_.jpg,[],
Shadow of the Giant,"Card, Orson Scott",1841492051,4.01,5,not set,read,https://www.goodreads.com/book/show/8647.Shadow_of_the_Giant,https://i.gr-assets.com/images/S/compressed.photo.goodreads.com/books/1165699277l/8647._SY75_.jpg,[],
Ender in Exile,"Card, Orson Scott",0765304961,3.92,5,not set,read,https://www.goodreads.com/book/show/3220405-ender-in-exile,https://i.gr-assets.com/images/S/compressed.photo.goodreads.com/books/1442883678l/3220405._SX50_.jpg,[],
The Last Shadow,"Card, Orson Scott",0765304953,3.63,5,not set,read,https://www.goodreads.com/book/show/7108926-the-last-shadow,https://i.gr-assets.com/images/S/compressed.photo.goodreads.com/books/1612199553l/7108926._SY75_.jpg,[],
The Next Fifty Things that Made the Modern Economy,"Harford, Tim",1408712644,4.08,5,not set,read,https://www.goodreads.com/book/show/52716719-the-next-fifty-things-that-made-the-modern-economy,https://i.gr-assets.com/images/S/compressed.photo.goodreads.com/books/1616445997l/52716719._SY75_.jpg,[],
"Money: From Bronze to Bitcoin, the True Story of a Made-up Thing","Goldstein, Jacob",1786495724,4.19,5,not set,read,https://www.goodreads.com/book/show/59425563-money,https://i.gr-assets.com/images/S/compressed.photo.goodreads.com/books/1634824732l/59425563._SY75_.jpg,[],
Socrates' Defence,Plato,0141397640,4.19,4,not set,read,https://www.goodreads.com/book/show/24874318-socrates-defence,https://i.gr-assets.com/images/S/compressed.photo.goodreads.com/books/1423750716l/24874318._SX50_.jpg,[],
The Last Olympian,"Riordan, Rick",1423101472,4.55,5,not set,read,https://www.goodreads.com/book/show/4556058-the-last-olympian,https://i.gr-assets.com/images/S/compressed.photo.goodreads.com/books/1723393514l/4556058._SY75_.jpg,[],
The Demigod Files,"Riordan, Rick",142312166X,4.02,3,not set,read,https://www.goodreads.com/book/show/3992598-the-demigod-files,https://i.gr-assets.com/images/S/compressed.photo.goodreads.com/books/1533071526l/3992598._SX50_.jpg,[],
Percy Jackson's Greek Gods,"Riordan, Rick",,4.43,4,not set,read,https://www.goodreads.com/book/show/20829994-percy-jackson-s-greek-gods,https://i.gr-assets.com/images/S/compressed.photo.goodreads.com/books/1437455100l/20829994._SX50_.jpg,[],
Percy Jackson's Greek Heroes,"Riordan, Rick",1423183657,4.41,4,not set,read,https://www.goodreads.com/book/show/23349901-percy-jackson-s-greek-heroes,https://i.gr-assets.com/images/S/compressed.photo.goodreads.com/books/1413406290l/23349901._SX50_.jpg,[],
The Lost Hero,"Riordan, Rick",142311339X,4.29,5,not set,read,https://www.goodreads.com/book/show/7736182-the-lost-hero,https://i.gr-assets.com/images/S/compressed.photo.goodreads.com/books/1464201003l/7736182._SY75_.jpg,[],
The Mark of Athena,"Riordan, Rick",1423140605,4.47,5,not set,read,https://www.goodreads.com/book/show/12127750-the-mark-of-athena,https://i.gr-assets.com/images/S/compressed.photo.goodreads.com/books/1464201354l/12127750._SY75_.jpg,[],
The Son of Neptune,"Riordan, Rick",1423140591,4.41,4,not set,read,https://www.goodreads.com/book/show/9520360-the-son-of-neptune,https://i.gr-assets.com/images/S/compressed.photo.goodreads.com/books/1464201114l/9520360._SY75_.jpg,[],
The House of Hades,"Riordan, Rick",1423146727,4.57,4,not set,read,https://www.goodreads.com/book/show/12127810-the-house-of-hades,https://i.gr-assets.com/images/S/compressed.photo.goodreads.com/books/1464201430l/12127810._SY75_.jpg,[],
The Red Pyramid,"Riordan, Rick",1423113381,4.1,4,not set,read,https://www.goodreads.com/book/show/7090447-the-red-pyramid,https://i.gr-assets.com/images/S/compressed.photo.goodreads.com/books/1661018382l/7090447._SY75_.jpg,[],
The Blood of Olympus,"Riordan, Rick",,4.43,4,not set,read,https://www.goodreads.com/book/show/18705209-the-blood-of-olympus,https://i.gr-assets.com/images/S/compressed.photo.goodreads.com/books/1464201441l/18705209._SY75_.jpg,[],
The Throne of Fire,"Riordan, Rick",1423140567,4.19,4,not set,read,https://www.goodreads.com/book/show/9067850-the-throne-of-fire,https://i.gr-assets.com/images/S/compressed.photo.goodreads.com/books/1661018148l/9067850._SY75_.jpg,[],
The Serpent's Shadow,"Riordan, Rick",1423140575,4.28,4,not set,read,https://www.goodreads.com/book/show/12893742-the-serpent-s-shadow,https://i.gr-assets.com/images/S/compressed.photo.goodreads.com/books/1366227982l/12893742._SY75_.jpg,[],
Common Sense,"Paine, Thomas",0143036254,4.0,4,not set,read,https://www.goodreads.com/book/show/161744.Common_Sense,https://i.gr-assets.com/images/S/compressed.photo.goodreads.com/books/1309209451l/161744._SY75_.jpg,[],
64 Geeks: The Brains Who Shaped Our World,"Newkey-Burden, Chas",,3.74,3,not set,read,https://www.goodreads.com/book/show/42352427-64-geeks,https://i.gr-assets.com/images/S/compressed.photo.goodreads.com/books/1539640398l/42352427._SX50_.jpg,[],
Ready Player One,"Cline, Ernest",030788743X,4.23,4,not set,read,https://www.goodreads.com/book/show/9969571-ready-player-one,https://i.gr-assets.com/images/S/compressed.photo.goodreads.com/books/1500930947l/9969571._SY75_.jpg,[],
A Game of Thrones,"Martin, George R.R.",0553588486,4.45,5,not set,read,https://www.goodreads.com/book/show/13496.A_Game_of_Thrones,https://i.gr-assets.com/images/S/compressed.photo.goodreads.com/books/1562726234l/13496._SY75_.jpg,[],
Airman,"Colfer, Eoin",0141383356,4.15,5,not set,read,https://www.goodreads.com/book/show/2049993.Airman,https://i.gr-assets.com/images/S/compressed.photo.goodreads.com/books/1327967233l/2049993._SY75_.jpg,[],
Artemis Fowl,"Colfer, Eoin",,3.86,4,not set,read,https://www.goodreads.com/book/show/249747.Artemis_Fowl,https://i.gr-assets.com/images/S/compressed.photo.goodreads.com/books/1630661894l/249747._SX50_.jpg,[],
The Atlantis Complex,"Colfer, Eoin",1423128192,3.97,3,not set,read,https://www.goodreads.com/book/show/7005865-the-atlantis-complex,https://i.gr-assets.com/images/S/compressed.photo.goodreads.com/books/1522213238l/7005865._SX50_.jpg,[],
The Lost Colony,"Colfer, Eoin",,4.01,3,not set,read,https://www.goodreads.com/book/show/37586.The_Lost_Colony,https://i.gr-assets.com/images/S/compressed.photo.goodreads.com/books/1522190376l/37586._SX50_.jpg,[],
The Arctic Incident,"Colfer, Eoin",,3.96,3,not set,read,https://www.goodreads.com/book/show/114955.The_Arctic_Incident,https://i.gr-assets.com/images/S/compressed.photo.goodreads.com/books/1388294381l/114955._SX50_.jpg,[],
The Opal Deception,"Colfer, Eoin",1423103998,4.06,3,not set,read,https://www.goodreads.com/book/show/114954.The_Opal_Deception,https://i.gr-assets.com/images/S/compressed.photo.goodreads.com/books/1266475201l/114954._SY75_.jpg,[],
The Eternity Code,"Colfer, Eoin",0141321318,4.05,3,not set,read,https://www.goodreads.com/book/show/227865.The_Eternity_Code,https://i.gr-assets.com/images/S/compressed.photo.goodreads.com/books/1327945417l/227865._SY75_.jpg,[],
The Time Paradox,"Colfer, Eoin",,4.08,3,not set,read,https://www.goodreads.com/book/show/2179276.The_Time_Paradox,https://i.gr-assets.com/images/S/compressed.photo.goodreads.com/books/1522190483l/2179276._SX50_.jpg,[],
The Last Guardian,"Colfer, Eoin",1423161610,4.16,3,not set,read,https://www.goodreads.com/book/show/9307674-the-last-guardian,https://i.gr-assets.com/images/S/compressed.photo.goodreads.com/books/1522745526l/9307674._SX50_.jpg,[],
The Seventh Dwarf,"Colfer, Eoin",0141318007,3.9,3,not set,read,https://www.goodreads.com/book/show/904896.The_Seventh_Dwarf,https://i.gr-assets.com/images/S/compressed.photo.goodreads.com/books/1327164341l/904896._SY75_.jpg,[],
The City of Ember / The People of Sparks / The Prophet of Yonwood / The Diamond of Darkhold,"DuPrau, Jeanne",,4.26,4,not set,read,https://www.goodreads.com/book/show/21847967-the-city-of-ember-the-people-of-sparks-the-prophet-of-yonwood-the,https://i.gr-assets.com/images/S/compressed.photo.goodreads.com/books/1396708904l/21847967._SX50_.jpg,[],
The City of Ember,"DuPrau, Jeanne",0375822747,3.9,4,not set,read,https://www.goodreads.com/book/show/307791.The_City_of_Ember,https://i.gr-assets.com/images/S/compressed.photo.goodreads.com/books/1591616783l/307791._SX50_.jpg,[],
The People of Sparks,"DuPrau, Jeanne",0375828257,3.7,3,not set,read,https://www.goodreads.com/book/show/3467.The_People_of_Sparks,https://i.gr-assets.com/images/S/compressed.photo.goodreads.com/books/1397931991l/3467._SX50_.jpg,[],
The Diamond of Darkhold,"DuPrau, Jeanne",0375955712,3.82,3,not set,read,https://www.goodreads.com/book/show/2493973.The_Diamond_of_Darkhold,https://i.gr-assets.com/images/S/compressed.photo.goodreads.com/books/1320636372l/2493973._SY75_.jpg,[],
The Prophet of Yonwood,"DuPrau, Jeanne",0440421241,3.28,3,not set,read,https://www.goodreads.com/book/show/207034.The_Prophet_of_Yonwood,https://i.gr-assets.com/images/S/compressed.photo.goodreads.com/books/1320636285l/207034._SY75_.jpg,[],
This is Going to Hurt: Secret Diaries of a Junior Doctor,"Kay, Adam",,4.4,5,not set,read,https://www.goodreads.com/book/show/35510008-this-is-going-to-hurt,https://i.gr-assets.com/images/S/compressed.photo.goodreads.com/books/1498340278l/35510008._SY75_.jpg,[],
The Martian,"Weir, Andy",0804139024,4.42,5,not set,read,https://www.goodreads.com/book/show/18007564-the-martian,https://i.gr-assets.com/images/S/compressed.photo.goodreads.com/books/1413706054l/18007564._SY75_.jpg,[],
The Alchemyst,"Scott, Michael",0552562521,3.86,5,not set,read,https://www.goodreads.com/book/show/17402605-the-alchemyst,https://i.gr-assets.com/images/S/compressed.photo.goodreads.com/books/1361310229l/17402605._SY75_.jpg,[],
The Name of This Book Is Secret,"Bosch, Pseudonymous",0316113662,4.07,3,not set,read,https://www.goodreads.com/book/show/1099301.The_Name_of_This_Book_Is_Secret,https://i.gr-assets.com/images/S/compressed.photo.goodreads.com/books/1442896331l/1099301._SX50_.jpg,[],
The Magician,"Scott, Michael",0385733585,4.1,5,not set,read,https://www.goodreads.com/book/show/2402971.The_Magician,https://i.gr-assets.com/images/S/compressed.photo.goodreads.com/books/1660273675l/2402971._SY75_.jpg,[],
The Sorceress,"Scott, Michael",0385735294,4.12,5,not set,read,https://www.goodreads.com/book/show/4588949-the-sorceress,https://i.gr-assets.com/images/S/compressed.photo.goodreads.com/books/1660273841l/4588949._SX50_.jpg,[],
The Necromancer,"Scott, Michael",0385905165,4.13,5,not set,read,https://www.goodreads.com/book/show/6693332-the-necromancer,https://i.gr-assets.com/images/S/compressed.photo.goodreads.com/books/1660273757l/6693332._SY75_.jpg,[],
This Isn't What It Looks Like,"Bosch, Pseudonymous",0316076252,4.28,3,not set,read,https://www.goodreads.com/book/show/7939759-this-isn-t-what-it-looks-like,https://i.gr-assets.com/images/S/compressed.photo.goodreads.com/books/1275035190l/7939759._SX50_.jpg,[],
The Warlock,"Scott, Michael",0385735332,4.18,4,not set,read,https://www.goodreads.com/book/show/8458018-the-warlock,https://i.gr-assets.com/images/S/compressed.photo.goodreads.com/books/1660273778l/8458018._SX50_.jpg,[],
You Have to Stop This,"Bosch, Pseudonymous",0316076260,4.31,3,not set,read,https://www.goodreads.com/book/show/10757817-you-have-to-stop-this,https://i.gr-assets.com/images/S/compressed.photo.goodreads.com/books/1304192983l/10757817._SX50_.jpg,[],
To Kill a Mockingbird,"Lee, Harper",0060935464,4.26,4,not set,read,https://www.goodreads.com/book/show/2657.To_Kill_a_Mockingbird,https://i.gr-assets.com/images/S/compressed.photo.goodreads.com/books/1553383690l/2657._SY75_.jpg,[],
Crime and Punishment,"Dostoevsky, Fyodor",,4.28,3,not set,read,https://www.goodreads.com/book/show/7144.Crime_and_Punishment,https://i.gr-assets.com/images/S/compressed.photo.goodreads.com/books/1382846449l/7144._SY75_.jpg,[],
Romeo and Juliet,"Shakespeare, William",0743477111,3.74,3,not set,read,https://www.goodreads.com/book/show/18135.Romeo_and_Juliet,https://i.gr-assets.com/images/S/compressed.photo.goodreads.com/books/1629680008l/18135._SY75_.jpg,[],
Charlotte’s Web,"White, E.B.",0064410935,4.21,3,not set,read,https://www.goodreads.com/book/show/24178.Charlotte_s_Web,https://i.gr-assets.com/images/S/compressed.photo.goodreads.com/books/1628267712l/24178._SY75_.jpg,[],
A Clash of Kings,"Martin, George R.R.",0553381695,4.42,5,not set,read,https://www.goodreads.com/book/show/10572.A_Clash_of_Kings,https://i.gr-assets.com/images/S/compressed.photo.goodreads.com/books/1567840212l/10572._SY75_.jpg,[],
A Storm of Swords,"Martin, George R.R.",055357342X,4.55,5,not set,read,https://www.goodreads.com/book/show/62291.A_Storm_of_Swords,https://i.gr-assets.com/images/S/compressed.photo.goodreads.com/books/1571318786l/62291._SY75_.jpg,[],
A Feast for Crows,"Martin, George R.R.",055358202X,4.17,5,not set,read,https://www.goodreads.com/book/show/13497.A_Feast_for_Crows,https://i.gr-assets.com/images/S/compressed.photo.goodreads.com/books/1661026821l/13497._SY75_.jpg,[],
A Dance with Dragons,"Martin, George R.R.",,4.34,5,not set,read,https://www.goodreads.com/book/show/10664113-a-dance-with-dragons,https://i.gr-assets.com/images/S/compressed.photo.goodreads.com/books/1581625286l/10664113._SX50_.jpg,[],
Chronicle of a Death Foretold,"García Márquez, Gabriel",140003471X,3.97,3,not set,read,https://www.goodreads.com/book/show/23878.Chronicle_of_a_Death_Foretold,https://i.gr-assets.com/images/S/compressed.photo.goodreads.com/books/1657558535l/23878._SY75_.jpg,[],
Persepolis. The story of a childhood,"Satrapi, Marjane",037571457X,4.27,3,not set,read,https://www.goodreads.com/book/show/9516.Persepolis_The_story_of_a_childhood,https://i.gr-assets.com/images/S/compressed.photo.goodreads.com/books/1425871473l/9516._SX50_.jpg,[],
A Gentleman in Moscow,"Towles, Amor",,4.32,4,not set,read,https://www.goodreads.com/book/show/34066798-a-gentleman-in-moscow,https://i.gr-assets.com/images/S/compressed.photo.goodreads.com/books/1718915012l/34066798._SY75_.jpg,[],
The Adventures of Huckleberry Finn,"Twain, Mark",0142437174,3.83,3,not set,read,https://www.goodreads.com/book/show/2956.The_Adventures_of_Huckleberry_Finn,https://i.gr-assets.com/images/S/compressed.photo.goodreads.com/books/1546096879l/2956._SX50_.jpg,[],
Hamlet,"Shakespeare, William",0521618746,4.02,3,not set,read,https://www.goodreads.com/book/show/1420.Hamlet,https://i.gr-assets.com/images/S/compressed.photo.goodreads.com/books/1351051208l/1420._SY75_.jpg,[],
Macbeth,"Shakespeare, William",0743477103,3.89,4,not set,read,https://www.goodreads.com/book/show/8852.Macbeth,https://i.gr-assets.com/images/S/compressed.photo.goodreads.com/books/1459795224l/8852._SY75_.jpg,[],
A Midsummer Night’s Dream,"Shakespeare, William",0743477545,3.94,3,not set,read,https://www.goodreads.com/book/show/1622.A_Midsummer_Night_s_Dream,https://i.gr-assets.com/images/S/compressed.photo.goodreads.com/books/1327874534l/1622._SY75_.jpg,[],
Life of Pi,"Martel, Yann",0770430074,3.94,5,not set,read,https://www.goodreads.com/book/show/4214.Life_of_Pi,https://i.gr-assets.com/images/S/compressed.photo.goodreads.com/books/1631251689l/4214._SY75_.jpg,[],
Green Eggs and Ham,Dr. Seuss,0394800168,4.31,3,not set,read,https://www.goodreads.com/book/show/23772.Green_Eggs_and_Ham,https://i.gr-assets.com/images/S/compressed.photo.goodreads.com/books/1673212751l/23772._SX50_.jpg,[],
Eragon,"Paolini, Christopher",0375826696,3.96,4,not set,read,https://www.goodreads.com/book/show/113436.Eragon,https://i.gr-assets.com/images/S/compressed.photo.goodreads.com/books/1366212852l/113436._SX50_.jpg,[],
Where the Red Fern Grows,"Rawls, Wilson",0375806814,4.12,3,not set,read,https://www.goodreads.com/book/show/10365.Where_the_Red_Fern_Grows,https://i.gr-assets.com/images/S/compressed.photo.goodreads.com/books/1518702249l/10365._SY75_.jpg,[],
Holes,"Sachar, Louis",0439244196,4.01,5,not set,read,https://www.goodreads.com/book/show/38709.Holes,https://i.gr-assets.com/images/S/compressed.photo.goodreads.com/books/1618269830l/38709._SX50_.jpg,[],
The Cat in the Hat,Dr. Seuss,039480001X,4.19,3,not set,read,https://www.goodreads.com/book/show/233093.The_Cat_in_the_Hat,https://i.gr-assets.com/images/S/compressed.photo.goodreads.com/books/1468890477l/233093._SX50_.jpg,[],
Heart of Darkness,"Conrad, Joseph",1892295490,3.43,3,not set,read,https://www.goodreads.com/book/show/4900.Heart_of_Darkness,https://i.gr-assets.com/images/S/compressed.photo.goodreads.com/books/1392799983l/4900._SX50_.jpg,[],
Bridge to Terabithia,"Paterson, Katherine",,4.06,3,not set,read,https://www.goodreads.com/book/show/40940121-bridge-to-terabithia,https://i.gr-assets.com/images/S/compressed.photo.goodreads.com/books/1532478367l/40940121._SY75_.jpg,[],
The Joy Luck Club,"Tan, Amy",,3.97,3,not set,read,https://www.goodreads.com/book/show/7763.The_Joy_Luck_Club,https://i.gr-assets.com/images/S/compressed.photo.goodreads.com/books/1304978653l/7763._SY75_.jpg,[],
"Oh, the Places You’ll Go!",Dr. Seuss,0679805273,4.37,3,not set,read,https://www.goodreads.com/book/show/191139.Oh_the_Places_You_ll_Go_,https://i.gr-assets.com/images/S/compressed.photo.goodreads.com/books/1630510695l/191139._SX50_.jpg,[],
A Farewell to Arms,"Hemingway, Ernest",0099910101,3.82,3,not set,read,https://www.goodreads.com/book/show/10799.A_Farewell_to_Arms,https://i.gr-assets.com/images/S/compressed.photo.goodreads.com/books/1313714836l/10799._SY75_.jpg,[],
The Diary of a Young Girl,"Frank, Anne",,4.2,3,not set,read,https://www.goodreads.com/book/show/48855.The_Diary_of_a_Young_Girl,https://i.gr-assets.com/images/S/compressed.photo.goodreads.com/books/1560816565l/48855._SY75_.jpg,[],
The Song of Achilles,"Miller, Madeline",,4.31,4,not set,read,https://www.goodreads.com/book/show/13623848-the-song-of-achilles,https://i.gr-assets.com/images/S/compressed.photo.goodreads.com/books/1357177533l/13623848._SY75_.jpg,[],
The Tales of Beedle the Bard,"Rowling, J.K.",0747599874,4.03,4,not set,read,https://www.goodreads.com/book/show/3950967-the-tales-of-beedle-the-bard,https://i.gr-assets.com/images/S/compressed.photo.goodreads.com/books/1630876355l/3950967._SX50_.jpg,[],
Don't Call Me Ishmael!,"Bauer, Michael Gerard",1862916667,3.39,3,not set,read,https://www.goodreads.com/book/show/683406.Don_t_Call_Me_Ishmael_,https://i.gr-assets.com/images/S/compressed.photo.goodreads.com/books/1568151090l/683406._SY75_.jpg,[],
I Am Number Four,"Lore, Pittacus",0061969559,3.94,5,not set,read,https://www.goodreads.com/book/show/7747374-i-am-number-four,https://i.gr-assets.com/images/S/compressed.photo.goodreads.com/books/1305807140l/7747374._SY75_.jpg,[],
The Power of Six,"Lore, Pittacus",0061974552,4.14,4,not set,read,https://www.goodreads.com/book/show/8659601-the-power-of-six,https://i.gr-assets.com/images/S/compressed.photo.goodreads.com/books/1345067406l/8659601._SY75_.jpg,[],
The Rise of Nine,"Lore, Pittacus",0061974587,4.17,3,not set,read,https://www.goodreads.com/book/show/12971616-the-rise-of-nine,https://i.gr-assets.com/images/S/compressed.photo.goodreads.com/books/1331740153l/12971616._SY75_.jpg,[],
The Fall of Five,"Lore, Pittacus",0061974617,4.21,3,not set,read,https://www.goodreads.com/book/show/15861491-the-fall-of-five,https://i.gr-assets.com/images/S/compressed.photo.goodreads.com/books/1375365364l/15861491._SY75_.jpg,[],
The Revenge of Seven,"Lore, Pittacus",0062194720,4.25,3,not set,read,https://www.goodreads.com/book/show/19346451-the-revenge-of-seven,https://i.gr-assets.com/images/S/compressed.photo.goodreads.com/books/1398024854l/19346451._SY75_.jpg,[],
The Fate of Ten,"Lore, Pittacus",,4.29,3,not set,read,https://www.goodreads.com/book/show/24488476-the-fate-of-ten,https://i.gr-assets.com/images/S/compressed.photo.goodreads.com/books/1429799057l/24488476._SX50_.jpg,[],
Cyrano de Bergerac,"Rostand, Edmond",0451528921,4.06,3,not set,read,https://www.goodreads.com/book/show/15638.Cyrano_de_Bergerac,https://i.gr-assets.com/images/S/compressed.photo.goodreads.com/books/1386920459l/15638._SY75_.jpg,[],
Song of Solomon,"Morrison, Toni",140003342X,4.15,4,not set,read,https://www.goodreads.com/book/show/11334.Song_of_Solomon,https://i.gr-assets.com/images/S/compressed.photo.goodreads.com/books/1632283992l/11334._SY75_.jpg,[],
Holy Bible: New International Version,Anonymous,0310902711,4.62,1,not set,read,https://www.goodreads.com/book/show/280111.Holy_Bible,https://i.gr-assets.com/images/S/compressed.photo.goodreads.com/books/1631965680l/280111._SY75_.jpg,[],
Crank,"Hopkins, Ellen",0689865198,4.16,2,not set,read,https://www.goodreads.com/book/show/270730.Crank,https://i.gr-assets.com/images/S/compressed.photo.goodreads.com/books/1388192181l/270730._SX50_.jpg,[],
A Room of One’s Own,"Woolf, Virginia",,4.22,3,not set,read,https://www.goodreads.com/book/show/18521.A_Room_of_One_s_Own,https://i.gr-assets.com/images/S/compressed.photo.goodreads.com/books/1327883012l/18521._SY75_.jpg,[],
The Complete Persepolis,"Satrapi, Marjane",0375714839,4.4,3,not set,read,https://www.goodreads.com/book/show/991197.The_Complete_Persepolis,https://i.gr-assets.com/images/S/compressed.photo.goodreads.com/books/1327876995l/991197._SX50_.jpg,[],
The Tale of Despereaux,"DiCamillo, Kate",0763625299,4.07,4,not set,read,https://www.goodreads.com/book/show/37190.The_Tale_of_Despereaux,https://i.gr-assets.com/images/S/compressed.photo.goodreads.com/books/1412211823l/37190._SX50_.jpg,[],
The Silver Linings Playbook,"Quick, Matthew",0374533571,3.98,3,not set,read,https://www.goodreads.com/book/show/13539044-the-silver-linings-playbook,https://i.gr-assets.com/images/S/compressed.photo.goodreads.com/books/1630676434l/13539044._SX50_.jpg,[],
Old Yeller,"Gipson, Fred",0060935472,4.1,3,not set,read,https://www.goodreads.com/book/show/130580.Old_Yeller,https://i.gr-assets.com/images/S/compressed.photo.goodreads.com/books/1327940112l/130580._SY75_.jpg,[],
Diary of a Wimpy Kid,"Kinney, Jeff",0810993139,3.98,2,not set,read,https://www.goodreads.com/book/show/389627.Diary_of_a_Wimpy_Kid,https://i.gr-assets.com/images/S/compressed.photo.goodreads.com/books/1388183826l/389627._SX50_.jpg,[],
Even Cowgirls Get the Blues,"Robbins, Tom",1842430246,3.78,3,not set,read,https://www.goodreads.com/book/show/7572.Even_Cowgirls_Get_the_Blues,https://i.gr-assets.com/images/S/compressed.photo.goodreads.com/books/1336172455l/7572._SY75_.jpg,[],
The Enchantress,"Scott, Michael",0385735359,4.24,5,not set,read,https://www.goodreads.com/book/show/8519822-the-enchantress,https://i.gr-assets.com/images/S/compressed.photo.goodreads.com/books/1660273800l/8519822._SX50_.jpg,[],
The Little Prince,"Saint-Exupéry, Antoine de",0152023984,4.33,3,not set,read,https://www.goodreads.com/book/show/157993.The_Little_Prince,https://i.gr-assets.com/images/S/compressed.photo.goodreads.com/books/1367545443l/157993._SY75_.jpg,[],
The Road,"McCarthy, Cormac",0307265439,4.0,5,not set,read,https://www.goodreads.com/book/show/6288.The_Road,https://i.gr-assets.com/images/S/compressed.photo.goodreads.com/books/1600241424l/6288._SY75_.jpg,[],
The Odyssey,Homer,0143039954,3.82,5,not set,read,https://www.goodreads.com/book/show/1381.The_Odyssey,https://i.gr-assets.com/images/S/compressed.photo.goodreads.com/books/1711957706l/1381._SY75_.jpg,[],
The Curious Incident of the Dog in the Night-Time,"Haddon, Mark",1400032717,3.89,5,not set,read,https://www.goodreads.com/book/show/1618.The_Curious_Incident_of_the_Dog_in_the_Night_Time,https://i.gr-assets.com/images/S/compressed.photo.goodreads.com/books/1479863624l/1618._SY75_.jpg,[],
The Iliad / The Odyssey,Homer,0147712556,4.07,5,not set,read,https://www.goodreads.com/book/show/1375.The_Iliad_The_Odyssey,https://i.gr-assets.com/images/S/compressed.photo.goodreads.com/books/1388181863l/1375._SX50_.jpg,[],
Gulliver’s Travels,"Swift, Jonathan",0141439491,3.59,5,not set,read,https://www.goodreads.com/book/show/7733.Gulliver_s_Travels,https://i.gr-assets.com/images/S/compressed.photo.goodreads.com/books/1427829692l/7733._SY75_.jpg,[],
As I Lay Dying,"Faulkner, William",,3.72,3,not set,read,https://www.goodreads.com/book/show/77013.As_I_Lay_Dying,https://i.gr-assets.com/images/S/compressed.photo.goodreads.com/books/1451810782l/77013._SY75_.jpg,[],
Flowers for Algernon,"Keyes, Daniel",015603008X,4.23,5,not set,read,https://www.goodreads.com/book/show/18373.Flowers_for_Algernon,https://i.gr-assets.com/images/S/compressed.photo.goodreads.com/books/1689071681l/18373._SY75_.jpg,[],
"Genius Makers: The Mavericks Who Brought AI to Google, Facebook, and the World","Metz, Cade",1524742678,4.27,0,not set,to-read,https://www.goodreads.com/book/show/55051662-genius-makers,https://i.gr-assets.com/images/S/compressed.photo.goodreads.com/books/1599569204l/55051662._SY75_.jpg,[],
Into the Wild,"Krakauer, Jon",0385486804,4.02,0,not set,to-read,https://www.goodreads.com/book/show/1845.Into_the_Wild,https://i.gr-assets.com/images/S/compressed.photo.goodreads.com/books/1634587789l/1845._SY75_.jpg,[],
Technofeudalism: What Killed Capitalism,"Varoufakis, Yanis",,4.03,0,not set,to-read,https://www.goodreads.com/book/show/75560036-technofeudalism,https://i.gr-assets.com/images/S/compressed.photo.goodreads.com/books/1684846614l/75560036._SY75_.jpg,[],
"The Market Maker's Matrix: See How they see, trade how they trade","Christopher, Evan",,4.42,0,not set,to-read,https://www.goodreads.com/book/show/61173385-the-market-maker-s-matrix,https://i.gr-assets.com/images/S/compressed.photo.goodreads.com/books/1653616256l/61173385._SY75_.jpg,[],
Code Complete: A Practical Handbook of Software Construction,"McConnell, Steve",0735619670,4.3,0,not set,to-read,https://www.goodreads.com/book/show/4845.Code_Complete,https://i.gr-assets.com/images/S/compressed.photo.goodreads.com/books/1396837641l/4845._SX50_.jpg,[],
C++ Primer,"Lippman, Stanley B.",0201721481,4.22,0,not set,to-read,https://www.goodreads.com/book/show/768080.C_Primer,https://i.gr-assets.com/images/S/compressed.photo.goodreads.com/books/1347564002l/768080._SX50_.jpg,[],
A Brief History of Central Banking: How the Quest for Financial Stability Led to Unconventional Monetary Practices,"Haynes, Dominic",,3.21,0,not set,to-read,https://www.goodreads.com/book/show/195984759-a-brief-history-of-central-banking,https://i.gr-assets.com/images/S/compressed.photo.goodreads.com/books/1691575406l/195984759._SY75_.jpg,[],
"The Bond King: How One Man Made a Market, Built an Empire, and Lost it All","Childs, Mary",1250120845,3.8,0,not set,to-read,https://www.goodreads.com/book/show/56268989-the-bond-king,https://i.gr-assets.com/images/S/compressed.photo.goodreads.com/books/1615871312l/56268989._SY75_.jpg,[],
Money Changes Everything: How Finance Made Civilization Possible,"Goetzmann, William N.",0691143781,4.04,0,not set,to-read,https://www.goodreads.com/book/show/26597296-money-changes-everything,https://i.gr-assets.com/images/S/compressed.photo.goodreads.com/books/1445790758l/26597296._SX50_.jpg,[],
Money: The Unauthorised Biography,"Martin, Felix",1847922333,3.83,0,not set,to-read,https://www.goodreads.com/book/show/17307317-money,https://i.gr-assets.com/images/S/compressed.photo.goodreads.com/books/1365924586l/17307317._SY75_.jpg,[],
The Deficit Myth: Modern Monetary Theory and the Birth of the People's Economy,"Kelton, Stephanie",1541736184,4.03,0,not set,to-read,https://www.goodreads.com/book/show/45731395-the-deficit-myth,https://i.gr-assets.com/images/S/compressed.photo.goodreads.com/books/1571698158l/45731395._SY75_.jpg,[],
The Price of Time,"Chancellor, Edward",0241569168,4.17,0,not set,to-read,https://www.goodreads.com/book/show/59056157-the-price-of-time,https://i.gr-assets.com/images/S/compressed.photo.goodreads.com/books/1664012032l/59056157._SY75_.jpg,[],
Sapiens: A Brief History of Humankind,"Harari, Yuval Noah",,4.34,0,not set,to-read,https://www.goodreads.com/book/show/23692271-sapiens,https://i.gr-assets.com/images/S/compressed.photo.goodreads.com/books/1703329310l/23692271._SY75_.jpg,[],
Freakonomics: A Rogue Economist Explores the Hidden Side of Everything,"Levitt, Steven D.",0061234001,4.01,0,not set,to-read,https://www.goodreads.com/book/show/1202.Freakonomics,https://i.gr-assets.com/images/S/compressed.photo.goodreads.com/books/1550917827l/1202._SX50_.jpg,[],
Atop an Underwood: Early Stories and Other Writings,"Kerouac, Jack",0140296395,3.59,0,not set,to-read,https://www.goodreads.com/book/show/602473.Atop_an_Underwood,https://i.gr-assets.com/images/S/compressed.photo.goodreads.com/books/1428974346l/602473._SY75_.jpg,[],
"1,000 Places to See Before You Die: A Traveler's Life List","Schultz, Patricia",0761104844,3.88,0,not set,to-read,https://www.goodreads.com/book/show/11525.1_000_Places_to_See_Before_You_Die,https://i.gr-assets.com/images/S/compressed.photo.goodreads.com/books/1387718704l/11525._SX50_.jpg,[],
The Great Railway Bazaar: By Train Through Asia,"Theroux, Paul",0618658947,3.9,0,not set,to-read,https://www.goodreads.com/book/show/63689.The_Great_Railway_Bazaar,https://i.gr-assets.com/images/S/compressed.photo.goodreads.com/books/1699300218l/63689._SY75_.jpg,[],
Atlas Obscura: An Explorer's Guide to the World's Hidden Wonders,"Foer, Joshua",0761169083,4.25,0,not set,to-read,https://www.goodreads.com/book/show/28110891-atlas-obscura,https://i.gr-assets.com/images/S/compressed.photo.goodreads.com/books/1469969458l/28110891._SX50_.jpg,[],
The Old Patagonian Express: By Train Through the Americas,"Theroux, Paul",0140249796,3.95,0,not set,to-read,https://www.goodreads.com/book/show/130515.The_Old_Patagonian_Express,https://i.gr-assets.com/images/S/compressed.photo.goodreads.com/books/1356445513l/130515._SY75_.jpg,[],
Seven Years in Tibet,"Harrer, Heinrich",0874778883,4.1,0,not set,to-read,https://www.goodreads.com/book/show/270032.Seven_Years_in_Tibet,https://i.gr-assets.com/images/S/compressed.photo.goodreads.com/books/1388251499l/270032._SY75_.jpg,[],
Around the World in Eighty Days,"Verne, Jules",014044906X,3.95,4,not set,to-read,https://www.goodreads.com/book/show/54479.Around_the_World_in_Eighty_Days,https://i.gr-assets.com/images/S/compressed.photo.goodreads.com/books/1684014860l/54479._SY75_.jpg,[],
At Home in the World: Reflections on Belonging While Wandering the Globe,"Oxenreider, Tsh",140020559X,4.01,3,not set,to-read,https://www.goodreads.com/book/show/30649506-at-home-in-the-world,https://i.gr-assets.com/images/S/compressed.photo.goodreads.com/books/1466450151l/30649506._SY75_.jpg,[],
"Thinking, Fast and Slow","Kahneman, Daniel",0374275637,4.17,0,not set,to-read,https://www.goodreads.com/book/show/11468377-thinking-fast-and-slow,https://i.gr-assets.com/images/S/compressed.photo.goodreads.com/books/1317793965l/11468377._SX50_.jpg,[],
Watchmen,"Moore, Alan",0930289234,4.39,0,not set,to-read,https://www.goodreads.com/book/show/472331.Watchmen,https://i.gr-assets.com/images/S/compressed.photo.goodreads.com/books/1442239711l/472331._SY75_.jpg,[],
The Ultimate Hitchhiker’s Guide to the Galaxy,"Adams, Douglas",0345453743,4.38,0,not set,to-read,https://www.goodreads.com/book/show/13.The_Ultimate_Hitchhiker_s_Guide_to_the_Galaxy,https://i.gr-assets.com/images/S/compressed.photo.goodreads.com/books/1404613595l/13._SY75_.jpg,[],
Fear and Loathing in Las Vegas: A Savage Journey to the Heart of the American Dream,"Thompson, Hunter S.",0679785892,4.07,0,not set,to-read,https://www.goodreads.com/book/show/7745.Fear_and_Loathing_in_Las_Vegas,https://i.gr-assets.com/images/S/compressed.photo.goodreads.com/books/1703312483l/7745._SY75_.jpg,[],
The Prince,"Machiavelli, Niccolò",0937832383,3.84,3,not set,to-read,https://www.goodreads.com/book/show/28862.The_Prince,https://i.gr-assets.com/images/S/compressed.photo.goodreads.com/books/1390055828l/28862._SY75_.jpg,[],
The Republic,Plato,0140449140,3.96,0,not set,to-read,https://www.goodreads.com/book/show/30289.The_Republic,https://i.gr-assets.com/images/S/compressed.photo.goodreads.com/books/1386925655l/30289._SY75_.jpg,[],
Papillon,"Charrière, Henri",0061120669,4.23,0,not set,to-read,https://www.goodreads.com/book/show/6882.Papillon,https://i.gr-assets.com/images/S/compressed.photo.goodreads.com/books/1327865561l/6882._SY75_.jpg,[],
The Immortal Life of Henrietta Lacks,"Skloot, Rebecca",1400052173,4.13,0,not set,to-read,https://www.goodreads.com/book/show/6493208-the-immortal-life-of-henrietta-lacks,https://i.gr-assets.com/images/S/compressed.photo.goodreads.com/books/1327878144l/6493208._SY75_.jpg,[],
"Life, the Universe and Everything","Adams, Douglas",0345418905,4.17,0,not set,to-read,https://www.goodreads.com/book/show/8694.Life_the_Universe_and_Everything,https://i.gr-assets.com/images/S/compressed.photo.goodreads.com/books/1333577589l/8694._SX50_.jpg,[],
The Epic of Gilgamesh,Anonymous,0141026286,3.75,0,not set,to-read,https://www.goodreads.com/book/show/19351.The_Epic_of_Gilgamesh,https://i.gr-assets.com/images/S/compressed.photo.goodreads.com/books/1388287904l/19351._SY75_.jpg,[],
An Ugly Truth: Inside Facebook's Battle for Domination,"Frenkel, Sheera",0063136740,3.97,0,not set,to-read,https://www.goodreads.com/book/show/56470423-an-ugly-truth,https://i.gr-assets.com/images/S/compressed.photo.goodreads.com/books/1620397076l/56470423._SY75_.jpg,[],
The Hitchhiker’s Guide to the Galaxy,"Adams, Douglas",,4.22,0,not set,to-read,https://www.goodreads.com/book/show/386162.The_Hitchhiker_s_Guide_to_the_Galaxy,https://i.gr-assets.com/images/S/compressed.photo.goodreads.com/books/1559986152l/386162._SX50_SY75_.jpg,[],
The Help,"Stockett, Kathryn",0399155341,4.46,0,not set,to-read,https://www.goodreads.com/book/show/4667024-the-help,https://i.gr-assets.com/images/S/compressed.photo.goodreads.com/books/1622355533l/4667024._SY75_.jpg,[],
The Silmarillion,"Tolkien, J.R.R.",0618391118,4.03,0,not set,to-read,https://www.goodreads.com/book/show/7332.The_Silmarillion,https://i.gr-assets.com/images/S/compressed.photo.goodreads.com/books/1610045590l/7332._SX50_.jpg,[],
Inferno,Dante Alighieri,0812970063,4.03,0,not set,to-read,https://www.goodreads.com/book/show/15645.Inferno,https://i.gr-assets.com/images/S/compressed.photo.goodreads.com/books/1520255019l/15645._SY75_.jpg,[],
"The Molecule of More: How a Single Chemical in Your Brain Drives Love, Sex, and Creativity—and Will Determine the Fate of the Human Race","Lieberman, Daniel Z.",1946885118,4.14,0,not set,currently-reading,https://www.goodreads.com/book/show/38728977-the-molecule-of-more,https://i.gr-assets.com/images/S/compressed.photo.goodreads.com/books/1715631200l/38728977._SY75_.jpg,[],
"Walden or, Life in the Woods","Thoreau, Henry David",,3.78,4,"not set




not set",currently-reading,https://www.goodreads.com/book/show/16902.Walden_or_Life_in_the_Woods,https://i.gr-assets.com/images/S/compressed.photo.goodreads.com/books/1630470982l/16902._SY75_.jpg,[],
